iter	Logloss
0	0.5723383796
1	0.4641247722
2	0.4294852393
3	0.4001329161
4	0.375781435
5	0.3576658111
6	0.3327851857
7	0.3114915291
8	0.2933474418
9	0.2715013431
